<?xml version="1.0" encoding="UTF-8" ?>
<searchresults timestamp='Mon, 14 Mar 22 20:02:41 +0000' attribution='Data © OpenStreetMap contributors, ODbL 1.0. http://www.openstreetmap.org/copyright' querystring=' Melicucco' exclude_place_ids='283170552,326523243,326523242' more_url='https://nominatim.openstreetmap.org/search/?q=+Melicucco&amp;addressdetails=1&amp;exclude_place_ids=283170552%2C326523243%2C326523242&amp;format=xml'>
<place place_id='283170552' osm_type='relation' osm_id='39625' place_rank='16' address_rank='16' boundingbox="38.424637,38.4736621,16.0243106,16.0714414" lat='38.4337129' lon='16.0604715' display_name='Melicucco, Reggio di Calabria, Calabria, Italia' class='boundary' type='administrative' importance='0.59056576979486' icon='https://nominatim.openstreetmap.org/ui/mapicons//poi_boundary_administrative.p.20.png'>
<village>Melicucco</village><county>Reggio di Calabria</county><state>Calabria</state><country>Italia</country><country_code>it</country_code></place><place place_id='326523243' osm_type='node' osm_id='1417984691' place_rank='30' address_rank='30' boundingbox="38.4300773,38.4301773,16.0541072,16.0542072" lat='38.4301273' lon='16.0541572' display_name='Melicucco, Strada Statale 682 Jonio-Tirreno, Melicucco, Reggio di Calabria, Calabria, 89020, Italia' class='highway' type='motorway_junction' importance='0.111'>
<highway>Melicucco</highway><road>Strada Statale 682 Jonio-Tirreno</road><village>Melicucco</village><county>Reggio di Calabria</county><state>Calabria</state><postcode>89020</postcode><country>Italia</country><country_code>it</country_code></place><place place_id='326523242' osm_type='node' osm_id='1233422447' place_rank='30' address_rank='30' boundingbox="38.4279232,38.4280232,16.0566005,16.0567005" lat='38.4279732' lon='16.0566505' display_name='Melicucco, Strada Statale 682 Jonio-Tirreno, Primogenito, Polistena, Reggio di Calabria, Calabria, 89020, Italia' class='highway' type='motorway_junction' importance='0.111'>
<highway>Melicucco</highway><road>Strada Statale 682 Jonio-Tirreno</road><suburb>Primogenito</suburb><town>Polistena</town><county>Reggio di Calabria</county><state>Calabria</state><postcode>89020</postcode><country>Italia</country><country_code>it</country_code></place></searchresults>
