<?xml version="1.0" encoding="UTF-8" ?>
<searchresults timestamp='Mon, 07 Mar 22 18:43:56 +0000' attribution='Data © OpenStreetMap contributors, ODbL 1.0. http://www.openstreetmap.org/copyright' querystring=' Vighizzolo Piazza Piave' exclude_place_ids='126919908' more_url='https://nominatim.openstreetmap.org/search/?q=+Vighizzolo+Piazza+Piave&amp;addressdetails=1&amp;polygon_geojson=1&amp;exclude_place_ids=126919908&amp;format=xml'>
<place place_id='126919908' osm_type='way' osm_id='114548158' place_rank='30' address_rank='30' boundingbox="45.7315366,45.731767,9.1524077,9.1528159" geojson='{"type":"Polygon","coordinates":[[[9.1524077,45.7316826],[9.1528159,45.7315366],[9.152591,45.731767],[9.1524077,45.7316826]]]}' lat='45.7316096' lon='9.152678221310763' display_name='Piazza Piave, Via Enrico Toti, Vighizzolo, Cantù, Como, Lombardia, 22063, Italia' class='amenity' type='parking' importance='0.311'>
<amenity>Piazza Piave</amenity><road>Via Enrico Toti</road><village>Vighizzolo</village><town>Cantù</town><county>Como</county><state>Lombardia</state><postcode>22063</postcode><country>Italia</country><country_code>it</country_code></place></searchresults>
