<?xml version="1.0" encoding="UTF-8" ?>
<searchresults timestamp='Mon, 21 Mar 22 23:01:59 +0000' attribution='Data © OpenStreetMap contributors, ODbL 1.0. http://www.openstreetmap.org/copyright' querystring='Vighizzolo Via Amilcare Ponchielli' exclude_place_ids='193588944' more_url='https://nominatim.openstreetmap.org/search/?q=Vighizzolo+Via+Amilcare+Ponchielli&amp;addressdetails=1&amp;exclude_place_ids=193588944&amp;format=xml'>
<place place_id='193588944' osm_type='way' osm_id='397967920' place_rank='26' address_rank='26' boundingbox="45.7330099,45.7340181,9.1571493,9.1580603" lat='45.7340181' lon='9.1580603' display_name='Via Amilcare Ponchielli, Vighizzolo, Cantù, Como, Lombardia, 22063, Italia' class='highway' type='residential' importance='0.51'>
<road>Via Amilcare Ponchielli</road><village>Vighizzolo</village><town>Cantù</town><county>Como</county><state>Lombardia</state><postcode>22063</postcode><country>Italia</country><country_code>it</country_code></place></searchresults>
